model,accuracy,precision,recall,f1,areaUnderROC,areaUnderPR,tp,tn,fp,fn,best_params
LinearSVC,0.5793235074238922,0.28518611354806367,0.7321156773211568,0.41047647130244735,0.6902081302717746,0.3503044992281551,59163,174864,148291,21648,
