model,accuracy,precision,recall,f1,areaUnderROC,areaUnderPR,tp,tn,fp,fn,best_params
RandomForest,0.579047773573959,0.3173510083098069,0.7228005606256753,0.4410539647720893,0.6795320883386932,0.36783004607876746,67558,167983,145323,25909,
