model,accuracy,precision,recall,f1,areaUnderROC,areaUnderPR,tp,tn,fp,fn,best_params
NaiveBayes,0.6125578639683558,0.33105737316263634,0.6723014539891085,0.4436505611115622,0.4799993494362624,0.22413437069191486,62838,186334,126972,30629,
